,year,density,se
1,2008,NA,NA
2,2009,NA,NA
3,2010,NA,NA
4,2011,NA,NA
5,2012,NA,NA
6,2013,6.625,1.459095039
7,2014,6.017142857,1.275187595
8,2015,5.5,0.942691183
